iban,account_value,account_live,currency
MC64 3567 4199 17TK OLN7 1E6N W93,418.14,true,Yuan Renminbi
PT41 9037 7142 4379 2288 5734 5,456.62,false,Rupiah
ME58 1957 9519 7047 5469 34,242.74,true,Euro
IT43 E293 8594 766Q CRRG XEHE GXO,818.87,false,Franc
GL86 2499 0483 8929 81,934.14,false,Peso
ME33 5968 9577 7715 4688 32,569.1,true,Yuan Renminbi
MT32 AFXS 1136 4GTV 5CMA 57ES EQH8 SOU,22.25,true,Rupiah
GB18 SEHJ 0538 3636 0507 29,42.86,false,Rial
LT93 6247 4491 6582 6081,417.76,true,Yuan Renminbi
CH61 0093 3MAR M0HD CQWQ P,23.33,true,Dollar
AL96 2103 3713 6XKC B4OG SFO1 BFCM,492.74,false,Peso
FR05 5476 4522 60SO X7JU NRLA Q82,296.45,true,Rupiah
MK74 550Q QR33 43JV B11,194.86,false,Yuan Renminbi
GT61 WXYC GY8Z W1W2 QRR1 ZNBB BKEY,545.27,false,Yuan Renminbi
AZ22 ZIJJ SZQC 6S6R D7BJ XCE0 PENP,701.86,true,Yuan Renminbi
SE38 0595 0373 1699 0565 9877,908.43,false,Sol
FR82 1630 7911 24LN QLHO JCHZ X43,805.91,true,Koruna
EE92 9538 1070 6507 2638,344.54,false,Yuan Renminbi
PT57 9780 6387 3818 0361 1110 4,173.78,true,Krona
KW48 ULDG EPM8 N1T8 KAEF WD9R WS3G OA,535.72,false,Rial
AZ64 ZVDP OL2I CVKQ 6WCO UJN0 NA70,478.14,true,Peso
GT53 RRZN FQMJ BE7Y RZSM JPJ5 ZTRC,900.86,false,Lek
IT60 K834 5051 139V XHGB I4FK VLW,738.92,true,Yuan Renminbi
IE84 PLGE 0826 1955 7213 26,827.13,true,Dollar
FR29 4570 5771 23ZC KXPK ODGK F72,9.38,false,Dirham
GT18 LPKD LHP7 GNQY RO1O S44D BJLJ,662.66,true,Yuan Renminbi
TR24 0233 7SIB 5XDR 7MAB SOYX JA,237.15,false,Forint
FR69 4453 8112 18GY ZGC5 3FRK T99,262.4,true,Euro
GT65 WBEP IZHO TTPK ZYCV BWJ1 IGRF,177.41,false,Euro
BR30 8913 3823 3250 1718 0952 575N U,836.84,false,Kwacha
LI13 0395 144K UFR7 2WGK J,957.84,true,Yuan Renminbi
GR69 8967 082A LLUS X6SZ DBDB C3Q,606.72,false,Birr
AL73 1255 3465 UCII XRKK Y9VR ZTFT,292.51,true,Rupiah
FR23 0852 1920 80KG YZJ6 FVII Y51,575.09,false,Bolivar
SI96 3788 0567 2659 360,13.87,true,Ruble
TN04 5771 2001 0871 8576 1556,650.59,true,Krone
PT66 3287 7083 1257 0028 2943 6,112.1,false,Yuan Renminbi
IL98 6772 2448 6575 3914 325,207.24,true,Dinar
GT92 O4WN FPDD QBLI CPRJ WXD1 LSCE,62.06,false,Hryvnia
GI63 ISQU P8ZU LZAX W2CO SKA,580.32,true,Real
SM42 N266 7796 855W DHNB XMDH 0SG,654.26,true,Forint
GT65 QJMK ZARL 1KRZ 5YLZ JH1J MOIU,322.64,false,Euro
FR96 8934 8068 59NK NY78 RNZH Y96,815.98,true,Euro
GI94 BOPI FO4A EWY3 LUF8 02Q,540.0,true,Metical
LB64 2563 WYCT 7QDJ J1HZ B5AE BSNE,426.23,true,Yuan Renminbi
GB46 UZBM 1372 2231 5687 10,964.04,true,Rupiah
GT95 X90F QXLR WQT3 CG96 5UX0 PEEH,97.59,true,Baht
AZ68 UXEA MRPP CDM7 KUSJ XNL9 0ZUE,651.85,true,Yuan Renminbi
LB58 8090 0TXY ZBTV 6EKN NPOW EBM6,798.73,true,Yuan Renminbi
GR16 0942 487U U5FC KB4B IQ3N NR6,210.03,true,Lek
GB67 GLBW 5972 3417 1365 93,853.36,false,Yuan Renminbi
MK94 345D IPFH JSTU V89,80.49,true,Som
AD52 5088 9194 X5OH DPXI FO9Z,803.49,true,Yuan Renminbi
IE05 YFEE 4250 5448 8759 19,125.87,true,Peso
BR37 7369 0949 8257 0750 8430 620H A,739.28,true,Yuan Renminbi
KZ76 034A PPRY V9EI 6WCR,730.19,false,Koruna
VG04 BRVE 4738 7153 3515 2104,916.82,true,Rupiah
IS06 7503 4312 5074 1956 8073 87,27.27,true,Zloty
FR26 2351 4782 21TB ZL2D IXEB Z33,171.65,false,Yuan Renminbi
LI26 4731 9YG2 UHM0 IX9L M,635.8,false,Peso
FR79 8667 9167 12SV XNEW ASYM Y05,591.42,true,Real
FR16 6520 0893 85MY OK3V TSDE A97,391.82,false,Koruna
DE34 7893 4607 5617 2636 42,153.24,false,Dong
AT16 0326 5678 9312 9012,914.01,false,Franc
HU08 0399 9320 4416 9618 4632 5202,374.65,true,Euro
AZ41 MEYQ WWVY XXDV 8UKB 89T0 X3MH,853.73,false,Zloty
BA60 6101 3416 5262 3056,21.36,true,Zloty
FO42 9188 9002 0875 82,840.11,false,Euro
VG36 HLXC 2425 4344 0309 4904,318.09,false,Sol
SA49 76LY MB3U 8M9R V8AB YAQV,892.92,true,Peso
SE62 0952 8224 2252 0087 3865,626.7,false,Peso
FR06 7098 4153 97XZ 2VH7 CLZG 692,101.82,false,Krone
PK58 VMHS D5HM NP3N OIN7 MMXD,121.77,false,Rupiah
FR80 6241 5885 94Q5 JSOP XVRS O82,655.49,false,Kyat
FR93 7374 0183 282T H4QD EP5P U41,370.63,true,Peso
NL46 LDNN 7848 4569 72,259.73,false,Krone
MU43 AINI 6424 4075 9850 8156 452P JJ,22.28,true,Koruna
FR97 7235 1096 771X Y9AX GBF0 779,365.64,true,Rupiah
FR97 5616 3675 76UJ NLLF RBDT 016,183.99,true,Krona
CR40 8639 1458 2633 8775 8,890.72,true,Dollar
MR86 6980 5185 2834 1142 5386 400,372.26,false,Zloty
MR76 6323 1970 8835 2958 9330 063,845.1,true,Naira
FR88 6380 3661 33ZK CFQQ W7Q5 S91,332.36,true,Yuan Renminbi
FR12 9023 2730 126O YX6X O7X6 676,633.84,true,Yuan Renminbi
GE95 KR51 1116 8210 6642 13,174.88,false,Krona
IS02 3199 0317 6015 4662 3773 90,338.81,false,Rial
SE21 1808 0660 1157 8654 7061,444.51,false,Dollar
LV04 UHLS MKQK FH1K GPUF O,244.46,true,Euro
DE49 2592 0670 0096 3265 18,592.03,true,Yuan Renminbi
FR82 4153 7228 82JJ V8IZ AD3K D70,283.13,true,Dinar
EE69 4465 4458 3189 7189,108.8,true,Euro
CY67 2780 3914 CFEH YS4F QFAF H6M9,196.09,true,Rupiah
LU08 9537 GDUN ONXP EIFR,86.9,false,Yen
IS10 2975 1313 5007 3933 5346 22,337.09,false,Rupiah
FR56 2551 3368 823Q YDML FYU5 Q66,76.67,false,Yuan Renminbi
TR54 7492 5MXN YOPD L5G5 K3MC EU,291.8,false,Zloty
GB96 PFEI 2606 7045 4323 05,647.34,true,Shekel
FR58 2228 8709 36NP D3ZW ZLIY C81,335.35,false,Rupiah
FR68 8928 9850 024Z K2GZ VKJH 438,396.15,true,Sol
IS74 9966 0413 9876 8159 2635 60,681.47,true,Euro
SA49 56RG 86NM WID5 JTNN DEJS,810.05,false,Ariary
RO09 WDZT ISHS LG1G V6SY KGGG,691.36,true,Yuan Renminbi
GT48 SC04 PUMR L5FX OGHO DIFP CNKK,842.61,false,Dollar
FR09 2208 5627 15HT 4GJN O010 G49,457.52,false,Dollar
RO10 HLMZ PKO3 UKXJ TYJK KKIC,975.58,false,Peso
TN79 2209 5005 3340 6669 0544,818.38,true,Quetzal
KW59 VQTF TRUP NHEH 9WIM 2JIU 1ZT1 ZM,78.04,true,Yuan Renminbi
BE94 5168 7025 3999,475.3,true,Real
TR06 6070 98EU VJ4I O1HW DC76 S6,399.07,false,Rupiah
NL45 ZFLQ 1548 9057 20,565.51,true,Balboa
LB84 3526 2TPH EYC0 TKPD HRZJ XHAX,7.42,false,Euro
CZ44 9649 2044 5048 5245 0630,328.63,true,Rupiah
FR71 3635 4105 86KA PK5K IQGQ M80,396.51,false,Yuan Renminbi
CZ48 4821 1282 8726 6132 3381,209.87,true,Euro
MK27 716K AN5L UVNF B02,23.23,true,Dollar
MK73 171A DFTX FDS5 H44,135.25,false,Hryvnia
AD77 0205 2481 RE3Q HJNB ILCN,129.81,true,Peso
BE53 6083 1832 3452,453.71,false,Yuan Renminbi
CR75 8109 8258 2585 0399 8,880.91,false,Ruble
FR39 7870 4135 95OU A1VS P4QG V28,474.76,false,Rupiah
FR49 5925 4879 63VR F91Z 4GR1 R16,315.53,true,Boliviano
KW06 JMTF GZXJ MLTQ DEE7 ZMD1 3XZF XA,335.64,false,Ruble
TN50 4728 3792 0668 0758 3964,745.25,true,Real
FR92 9935 0237 41LD K6HA NEFV D58,425.33,false,Yuan Renminbi
AZ64 EZPM ZTGV 71ZC MNNJ KC4O TH7W,425.43,false,Yuan Renminbi
VG17 BKQU 4778 8077 3798 8967,332.82,false,Koruna
AE95 2628 1578 6876 2490 588,715.76,true,Ruble
AT14 7564 6528 3514 1505,374.08,false,Peso
NO42 8579 9365 343,784.26,true,Real
GT27 ZRAI F3TU GPF5 QU6F BT62 RIOQ,158.94,false,Yen
GR81 9815 204K CQ6P AR9V 8QJM 7F5,496.94,false,Yuan Renminbi
SI97 5862 9197 6439 960,526.85,false,Real
IS25 1296 6340 6012 0986 2451 40,420.71,false,Kuna
FR24 9640 6448 84TG YJMD 4CMH 481,570.23,true,Sol
ES83 5261 9209 2847 8009 3270,549.19,false,Real
KZ80 543C CKXP CDTO BCTL,412.01,true,Euro
PL10 0314 3159 7120 4776 7396 5615,737.65,true,Euro
EE94 0999 2878 5938 5761,12.53,false,Yuan Renminbi
GL36 7618 5921 5652 88,312.41,true,Yuan Renminbi
AT43 4479 6418 1549 7325,400.04,true,Real
GI75 YMOL W8QP 6MLC E9JV E4H,535.73,false,Yen
MR05 8569 4782 6559 9307 8924 298,476.15,true,Yuan Renminbi
VG87 GTMN 4027 1222 5748 8536,183.36,true,Ringgit
GT04 20MM PTHS UWQC U5TC WDYO XCWE,401.56,true,Yuan Renminbi
FI46 1860 7837 0455 47,207.62,true,Sol
MT43 BXSA 7186 5VBB XRRY 6IV7 IPOY 8PL,596.92,false,Yuan Renminbi
FO58 5775 1134 2527 91,763.1,true,Dong
FI74 2041 6177 8284 76,684.46,true,Zloty
LT61 5607 0251 0357 2398,897.19,true,Yen
MK24 156A HFDS BNMX L78,546.86,false,Euro
PL98 6605 5973 2762 5377 9384 3834,826.31,false,Leu
PK49 MXTD 5WVH NVOD 4GQC TCXX,262.57,false,Manat
FR10 1871 6812 40X1 KAPB 5I9N N42,915.19,true,Guilder
FR79 7828 1311 40BR EZCU FJZF C59,770.24,true,Bolivar
GB36 UIQN 7393 9034 7238 29,654.38,true,Krona
KW44 RTEI 9GQH 1QFD JVM0 UOOQ GQOI DG,259.59,false,Euro
IE53 TYPE 6412 5633 2685 78,366.04,true,Yuan Renminbi
FR47 5431 0091 57FS IESZ DCGC I63,352.36,false,Ruble
BA90 2531 5203 9831 4654,330.88,true,Ruble
BH91 IHXB 8FKW JO4N XCBV TU,811.83,false,Euro
GI25 APHZ TFWQ XWZ1 5FGR 8UP,955.59,false,Rupiah
NL32 OFGL 4302 4534 06,578.57,false,Ruble
RO43 NRUB FVFR QLKI IGQP FITG,172.59,true,Peso
MD10 YSU2 XXSO 25OQ CICF ITEF,670.59,true,Rupiah
ME60 0047 6372 8458 2945 60,665.45,false,Dollar
FR53 2858 5066 68HD EPNT KSD7 B11,719.92,false,Zloty
AE55 1405 5968 6726 9353 050,986.72,false,Yuan Renminbi
GB20 GWNY 9895 5673 2756 12,888.33,true,Hryvnia
FR41 5539 2713 09ZA 0ERP HB9X L62,638.4,true,Real
MT09 ELCP 4733 2TFR RFUR MMBW Z6HN L2Z,764.38,true,Euro
ME42 4781 8973 5820 8747 27,286.85,true,Euro
TR75 5545 8H9Q 0ZXJ DFXU TYOR GR,572.75,false,Euro
RS59 7404 5392 8687 5723 24,128.13,true,Naira
LV03 HBDR ZX0N 4RBV NW1M L,414.29,false,Yuan Renminbi
ES88 6214 2234 1887 5920 4412,274.05,false,Baht
EE33 5541 8782 1692 0416,840.3,true,Rupiah
CH51 9426 3WO8 FUBJ WSMW H,398.93,false,Rial
IT70 W226 7051 640Q 75JA PQZZ KTX,12.2,false,Euro
MD68 IPJ9 OIHZ KAGA FII8 LIN1,509.01,true,Yuan Renminbi
SI05 4046 4110 0618 541,294.64,true,Zloty
CZ83 7471 1965 9877 3836 5080,580.83,false,Kina
FR33 8099 5398 91IH F1ZC AIIO 954,320.0,false,Yuan Renminbi
PL96 3189 7461 7280 1074 7281 1367,51.34,true,Peso
FR89 0136 5766 35LD ZS8Y V32Q D46,800.13,false,Zloty
CZ62 2825 2885 0724 8374 8810,183.51,true,Yuan Renminbi
CH58 5247 0CF9 ZILF PNP3 S,175.93,true,Dollar
SA71 95A0 ZK4S 0EON UHWF HAME,669.53,true,Peso
CY60 9731 6694 FTOV IN1K MXPE GR2B,733.2,false,Cordoba
TN26 8965 6128 1107 4688 2501,964.99,true,Franc
HR47 6436 0658 6510 1405 9,298.08,true,Rupiah
RO27 MOWN 5JLW 6JH5 IYGL PT2N,987.27,true,Kyat
SK90 1895 4596 4891 9255 7598,430.65,true,Yuan Renminbi
FR47 4674 6582 37MY ADU3 AUBY M03,856.85,false,Yuan Renminbi
AD57 7051 3979 BUMD JEN7 1CU9,881.72,false,Franc
MU49 XUGG 9156 3288 5200 4733 979B WU,412.09,false,Colon
BE75 3027 7094 3996,372.85,true,Lev
FR08 8234 6771 76SV 1OBV NAGU A19,364.57,false,Euro
DO43 K7BY 4058 3681 1594 0466 0403,31.94,false,Peso
FR61 2848 0503 88TC POAZ 9FTH N17,895.82,true,Som
MU06 NLEO 8105 0108 1509 0566 207Z XA,13.47,true,Yuan Renminbi
RS16 2039 0238 2483 2926 56,763.14,false,Real
LT29 3935 1188 9314 8828,352.91,true,Shekel
SM36 R268 4289 495K NCNN RB9B LVG,696.84,false,Krona
FR43 4490 4747 14K4 2YRB KONE Q89,623.16,false,Kip
FR07 1476 3566 11E0 QNVL 1NPJ M23,330.8,true,Pound
GR13 9923 045C QSYA SHWB QBIM ZHW,736.2,true,Rupiah
DE19 7923 8623 4368 3715 40,778.26,true,Euro
CY87 7566 9319 JTQ2 O0Z4 OOPQ BYUI,299.3,true,Yuan Renminbi
FR64 5397 9269 31J3 J07K N2HU L71,310.45,true,Euro
GL18 1407 2547 3695 43,187.1,false,Euro
MC87 5609 4892 284C RW1O O4G0 I06,641.81,true,Peso
SK79 9364 6177 9491 2211 8221,890.22,false,Peso
KW64 SIRW 1KKT YYOH NJ2A 1FIL CKKO BM,415.74,false,Lek
FR58 8856 6747 41J5 7QTN EMK0 F36,737.39,false,Peso
MK51 092D JAF8 UIDZ F15,683.12,true,Peso
TN48 6674 0220 0590 8432 1140,650.64,true,Euro
MC91 4895 7302 93N3 ZQIW ZIO7 H03,638.04,true,Yuan Renminbi
CH95 0472 3GJE CPTK 4D66 2,827.91,true,Yuan Renminbi
GL98 0732 2172 7966 84,2.28,false,Ruble
LI72 9680 0PN6 BVIY TESY W,816.07,false,Yuan Renminbi
PK17 OGHZ ZZXC VDEE 3NQG Q1OT,374.1,false,Hryvnia
SM69 W613 4485 103W OREP 8DED REO,663.07,true,Yuan Renminbi
IL96 3475 0630 8961 7064 611,939.64,false,Pound
LI62 8681 2TTU X9WI 0ZFW O,495.19,false,Real
HR37 9070 2212 9528 8202 0,816.14,false,Hryvnia
GT92 PKRQ 0D2W 8NLW ERVE RG6O NOMU,917.18,true,Yuan Renminbi
MC53 6152 2279 08MZ QLXQ SHE4 571,323.86,true,Som
GT04 VAMU HPQT GIS6 NHR1 CPBM DOGV,308.82,false,Yuan Renminbi
AD85 2486 4570 QRH4 5N1P FM0F,98.87,false,Yuan Renminbi
GT72 RFEM VN4V S7OS KTJR ZZLC XHET,288.31,true,Colon
BG21 GSLI 4516 35AR 5QGA LJ,511.74,true,Dollar
GR51 4119 353T UIQ3 Y9LX IUIT EBL,212.63,false,Dollar
FR98 5981 0678 969Q R3MM 3CDD U37,645.5,false,Baht
MD94 A8SW ZWIW YRNU JNSI IZEO,861.92,true,Kuna
FR90 4200 7439 33HG X6A5 PLD2 452,839.86,false,Peso
FR41 1125 5848 74VF 0JPY GYKV S15,252.65,true,Euro
FR79 3637 0826 76JF WENP 5R53 Y38,255.31,true,Rupiah
FR05 7577 7193 35KK BEXG W4GD 399,958.5,true,Yuan Renminbi
MC65 7853 2701 35WU OIZ4 ZJ43 O38,317.17,true,Zloty
NO70 4448 0247 776,357.16,true,Peso
FR33 7986 2408 22K7 KZJP K8JZ A64,256.14,true,Rupiah
LU58 2913 CJUG HQDZ GC9V,904.12,false,Quetzal
LU93 658A XOGW RH6C DW0R,868.74,false,Peso
FR06 2723 9891 06NT WUAV EN7P S75,857.46,false,Manat
FI44 6673 9832 5202 41,909.27,true,Kyat
TR25 4651 1NS6 QTUD GT0Y XATQ VI,179.94,true,Pound
LU21 301Q JQFJ TWYY LB4O,759.97,true,Koruna
DE97 9841 6604 4041 8973 26,934.07,false,Peso
FI11 8036 5447 2828 98,494.4,false,Forint
ME05 1257 1519 0365 9052 02,201.2,false,Ringgit
GE94 QN24 4058 1426 7505 58,408.81,false,Yuan Renminbi
FR45 5620 2779 80KB ZK9F NHSK W43,773.44,true,Rupiah
FR52 6154 1572 60LS HA7U IBKU J15,38.51,false,Boliviano
HR92 5637 0810 1673 8747 5,110.89,true,Peso
FR51 5304 9455 12SS 8PB2 NVTA L31,945.26,true,Quetzal
FI33 6177 0630 0817 99,876.19,false,Real
KZ74 563P QKRA YHUF OHTL,610.56,false,Dinar
IS90 4100 2781 9180 3963 9252 87,725.65,true,Peso
AT46 1993 5745 8400 8413,662.82,false,Kuna
SI54 4962 9251 3880 427,767.25,false,Zloty
CR91 6940 8791 2453 3100 8,798.09,false,Yuan Renminbi
DO94 OJX4 3822 1721 8403 1574 1140,215.89,true,Yuan Renminbi
GB91 XQJE 5490 1563 6854 61,907.8,true,Ruble
FR25 2734 5055 25P5 3SRZ L6GU B37,432.51,true,Som
FR45 5944 7847 00VP Z9NK LLVG O18,381.58,false,Rand
LV19 MGER TPV6 XDP3 FVYI S,155.4,true,Rupiah
BA53 4478 7878 7014 9879,183.08,true,Shilling
SK40 0674 7715 8854 1112 1216,5.05,true,Euro
IE60 CSAH 7275 1128 1714 78,89.59,true,Peso
FR90 1931 3389 516H DRID W9DY E37,974.93,false,Yuan Renminbi
FR77 2828 9622 02F4 WQUP 9FRT T52,503.76,false,Yuan Renminbi
FR57 5546 8985 10TN XP8M QM9R 745,111.81,false,Dong
ES15 4582 7916 3319 8037 7768,102.05,false,Lev
AL77 1663 8702 SPOO ZPW1 BNSV X1SS,867.28,false,Ruble
FI63 6965 3780 1249 22,734.75,false,Kuna
GR10 9149 346A HORQ FBOJ 2HDV A9O,594.5,false,Euro
VG04 CQGZ 7815 6674 2132 7930,858.06,false,Rupiah
GI17 CRPV NJPL GFQT VLA7 XG0,85.73,true,Zloty
DO56 3J6S 3676 1573 4181 9024 5420,122.37,false,Yuan Renminbi
PL62 8715 9597 5774 7958 4076 2478,999.29,true,Krona
KW93 QLJZ FDLJ SAMI BQ4F 7S8Z DTX1 HT,508.82,false,Sol
ES77 1550 3408 5414 2290 8445,527.48,false,Yuan Renminbi
LI29 7066 5MHY EUGI 8SBE Z,932.69,true,Yuan Renminbi
ME26 1948 1280 9643 4511 20,238.33,true,Rupiah
MK50 471V XIOD Z5LS T50,968.74,false,Real
BE07 5061 8291 2838,889.78,true,Dalasi
AE80 5121 9770 0010 8873 723,95.36,true,Kwacha
MU16 EXPK 7620 6179 8866 4455 687N TT,287.83,true,Peso
LT18 1227 3387 4118 8997,559.86,true,Dollar
AL12 4835 8595 5C5Z SZP1 CAZB JABU,436.99,true,Koruna
MC78 5498 8902 69DC QP4N NVRF R74,228.96,true,Yuan Renminbi
LB74 5543 BYTB GE8C BQQC ADRR SHFQ,603.21,false,Yuan Renminbi
FR75 5224 3401 69XX GT9N 4XOY X96,729.55,false,Krona
MU60 CDKW 4781 9612 3334 7816 500T TQ,696.68,false,Ruble
PS52 NMWK 7RKB VIIH KPHC XW94 AB1S I,711.42,true,Euro
FR43 4217 3866 705M CBHR WCVK F68,71.38,false,Peso
IS61 0747 8232 3346 8179 3945 04,633.75,false,Rupiah
MK82 920Z 9BPD ISF6 P92,921.84,false,Euro
GR61 4869 987D TEGI NVWQ SP6F GSO,494.25,false,Ruble
PL97 1208 8627 1897 5036 5919 7772,214.76,true,Leone
FR82 6754 6606 52LI A4CZ HBGO 989,113.96,true,Zloty
SE39 6248 3562 7130 1442 2525,740.23,false,Rupiah
DK11 6363 0560 6944 35,602.77,false,Manat
RS90 9658 1170 3781 1783 13,655.87,false,Yuan Renminbi
SA94 6553 1ZBU 3ZWT K97T MZ8N,335.32,false,Dollar
SM88 V656 2262 6956 XJKK 4EOC H9A,276.63,false,Quetzal
MC71 1183 9268 05BO PYTD UUMQ F79,334.34,true,Peso
PK17 BAEE ICHD V86T T0ZS TAGO,258.65,true,Yuan Renminbi
IE77 BKHZ 9865 9845 1927 11,535.24,true,Kip
FR68 0987 7438 44CW EKLM YGBF 720,211.59,true,Cedi
FO62 6278 6198 7949 82,433.28,false,Won
AE90 8352 1237 3211 3187 008,779.21,false,Dram
FR38 3482 8957 50QT YLZH NWS4 E86,188.74,true,Lek
EE66 6699 5404 3582 8895,967.6,true,Rupiah
DK02 8783 6444 6144 47,447.43,true,Won
NL22 CHLX 4895 9475 95,748.15,true,Yuan Renminbi
LV95 TVEE NR4F OWET PXUV F,991.87,false,Rupiah
FR06 2112 3026 69JJ ZA9C AQR1 V05,823.24,true,Yuan Renminbi
FR40 0636 2130 77GC WOCG 5UBA F51,857.69,false,Ruble
NO18 9725 8019 813,21.36,false,Dollar
FR26 0500 5204 60VP X8NW I9IF O46,774.22,false,Yuan Renminbi
IL19 8799 5388 4725 9879 945,762.78,false,Ruble
KW31 PIOA GJG0 KRKF D6X8 MVDG NTVI WI,156.72,false,Ruble
FR81 6417 4104 23WN GWJL UOCS T61,16.91,true,Yuan Renminbi
CH36 6737 8MQU ME8D J1T0 S,395.05,true,Euro
GR06 5825 444L SZ18 IXRC VSUT KO4,953.31,true,Rupiah
FR91 5282 5048 86XB DV0S T5RU N78,711.2,false,Euro
LB65 1538 BYB2 DGZZ PXZI 6P2V ZLM7,212.35,true,Franc
FR08 0340 8546 839U KL9I BEOS O47,680.57,false,Ruble
LB80 0984 FLRS KDLG XV5C VSUM KHHK,554.09,false,Euro
FO12 7626 5322 8564 96,413.8,false,Yuan Renminbi
ME25 9870 7933 3863 9536 52,990.95,true,Yuan Renminbi
BH06 QUUQ U7GT QUQK LLGZ 0F,103.7,false,Ruble
FR59 4818 9986 16JJ VZ6H YIKH X26,500.83,true,Yuan Renminbi
FR27 2670 2144 53MY 4X5T LMEN I90,813.96,true,Yuan Renminbi
IL12 9784 0106 8126 8342 583,386.8,true,Euro
PK49 SQDQ 1WBM C8UH LZIP IMJQ,914.68,false,Rial
FR93 7997 5136 821Y MUA4 GHTW P61,955.86,false,Ruble
NO53 7854 5678 373,266.67,true,Marka
LB37 4450 XP4I 7ELR IVAW APMF JB5P,561.69,true,Ruble
MD13 ETAD F3TE 2723 VC3J 9OPI,816.12,true,Peso
SK66 6735 2769 0558 1443 9218,598.57,false,Rupiah
DO26 LSYJ 4367 2500 8265 9507 0110,523.94,true,Krona
FO64 5719 7264 7531 06,404.05,true,Pound
DO40 YBP5 4293 5713 0836 7011 9323,33.35,false,Ruble
DO32 RY2E 0923 8619 1234 9872 7040,994.06,false,Rupiah
PL84 7354 4348 4326 9665 7526 6170,138.54,true,Franc
PS07 VQHS CMX3 SJPG 6UKY P8S5 0KBC D,38.95,false,Yuan Renminbi
MK80 378K JSP7 KEUV A95,713.82,false,Rupiah
AZ94 VFSV MOA3 3SCJ WLNN 0UYN SYXZ,544.64,true,Zloty
FR45 9740 6862 7219 3E6O FZMM W50,303.07,true,Peso
LI74 0170 8VBL LNCF KFRP T,211.45,false,Dollar
RO77 MRBA SIKS X4RN QHMG IN5D,921.42,false,Yuan Renminbi
LI15 8550 69PX XE9D CXMD U,598.74,true,Hryvnia
CY61 1649 1592 SGES Q3JM 3CRQ CDZT,784.42,true,Guarani
MU68 YHDS 5701 7601 6734 2705 487O GO,165.42,false,Hryvnia
IS84 2984 9342 1960 8450 9483 20,1.36,true,Rial
HR39 1281 3564 0179 0505 5,62.8,false,Yuan Renminbi
GE42 UW83 4032 8172 7785 30,132.77,true,Tugrik
GL84 7444 9466 2564 63,333.8,true,Dollar
MK70 9618 FPDE XQMG 600,884.08,true,Ruble
CR50 3949 2152 0743 9054 7,619.26,false,Euro
FR77 1811 2623 2374 C1CZ 0SJ6 886,105.7,false,Koruna
FR77 6273 8039 57Y0 G2W5 KPMX 733,24.76,false,Yuan Renminbi
DK91 4904 9031 6285 98,116.37,false,Euro
FR81 9464 3047 71WX YI1T WP85 F57,920.13,true,Dollar
AZ97 KQNI CNIW VCCF 0E5S VV2D RFNQ,264.89,true,Euro
FR66 6559 1760 03ZC U06X KIXZ Q53,722.82,true,Dollar
AZ43 WBTB GIPN 0PEZ N433 K86P CLJF,562.55,false,Real
SE26 9856 2246 4381 6138 6547,879.02,false,Rupiah
FR62 2068 6360 15AA BYAE LXZC S74,503.79,false,Yuan Renminbi
GB56 JILB 2300 5545 2503 95,864.38,true,Dollar
IL03 2399 6213 5686 7123 842,818.33,true,Yuan Renminbi
GT68 RGLM OPXP XIFJ 0BGN POQV CT9F,295.85,true,Zloty
MT14 DTMO 1227 1VOV VCJK ESNT RTFJ KBA,336.29,true,Sol
MD21 O2EP T3UD CS7Y 4W2C DCPX,217.78,true,Yuan Renminbi
SE73 6322 3477 3077 8832 8151,466.76,true,Rupiah
KW20 FDQU IO2D IX3W WEJC B2HS AFJN D2,789.54,false,Dollar
GL06 0571 3850 5611 03,551.1,false,Euro
ME92 3749 5188 5571 9129 37,284.66,false,Lempira
BG37 CLCT 5315 767O U4BX MW,807.85,true,Franc
HR22 4396 9024 1568 5441 6,897.67,true,Rupiah
NO23 7476 0767 528,61.8,false,Manat
PT20 9725 5863 3215 4358 6758 2,19.94,true,Rupiah
MD95 0YPW TMBP VG5F BH3B AUVF,229.15,true,Euro
CY30 6234 3756 EFFK ZR35 1NA7 M3K7,472.71,false,Peso
FR57 6243 1656 16CB CZXA RMBV K72,59.29,false,Ruble
CZ79 4821 9778 2400 2428 9499,536.49,false,Yuan Renminbi
HR18 2022 8505 0136 0372 7,725.97,false,Yen
LV76 TAIB PVCF 1NGT OORT N,844.83,false,Lev
BG51 SLND 2782 06FA Y07X KR,692.18,true,Dinar
SI26 8196 1344 0340 089,87.93,true,Rupiah
BG49 MKVZ 5610 82FT SK1Q HR,273.21,false,Peso
FO44 7444 1371 1346 96,626.68,false,Euro
HU18 9816 1287 2141 7083 4471 1719,673.86,false,Yuan Renminbi
LT50 6823 9677 0120 8803,308.65,true,Kwacha
BH54 FAXX Y4VU N3LE QVXU TS,701.85,false,Lek
LV33 JNOG ADQL WQHS GSBL J,211.16,false,Peso
KW61 KPIP RXAO NSD3 WIWP MPSY BXG2 GD,429.82,false,Yuan Renminbi
PK39 WWUN 1YKZ CTJU ADB1 QNZY,416.7,true,Real
FR46 6371 2988 03M0 ALCX 3WSX 693,534.18,false,Yuan Renminbi
SA15 11BQ NV0K TDSJ V1TJ CHOV,867.59,false,Yuan Renminbi
VG27 LHWD 4756 0923 3553 6078,24.22,false,Dollar
SK79 1055 5449 5623 5759 6373,454.18,true,Euro
LI45 4372 8BOW LTQA LW82 3,172.2,true,Euro
BE74 6386 0612 4643,781.53,false,Yuan Renminbi
BE66 5388 3176 3670,973.71,false,Euro
EE37 3590 0969 2835 3242,494.74,true,Real
FR53 0627 3276 988F TCC2 R1I4 O43,130.68,false,Euro
PT40 6301 4336 9904 8960 6925 9,165.3,true,Lempira
RS68 1974 6526 1660 2444 99,753.52,false,Yen
SM32 I637 7510 5477 GCLF YTTP DO3,506.74,false,Zloty
AZ03 GMXL LXUC BUGU RE2T 9MSQ KA8Q,934.77,true,Rial
GI80 AQOC 26BG MFZK 2E6F WD3,290.3,false,Baht
FR87 6448 1776 33LY OLIO QEO5 P16,383.88,true,Krona
MK44 308B PWAV EOKU P40,643.93,true,Pound
MD98 0VBS 15PF HCZA PPEX JM9U,160.05,true,Dong
SE44 0720 2098 0574 2749 2370,589.84,true,Kuna
BH12 SRKG O5XT B0FE 8FQ3 D8,396.35,false,Krona
DO90 V3ZH 5362 5421 4669 1893 2959,424.16,true,Dollar
FR09 5875 1974 681F 1WBC 2L8C 586,513.71,false,Yen
DO20 YDTD 5907 9786 8276 6747 4500,943.56,true,Manat
AZ86 TWLZ KXS9 ZM2P IL7V TCNZ 2RPC,374.6,true,Naira
EE53 1658 0576 9310 1429,438.07,true,Peso
MR71 9972 1154 5781 3940 6986 639,416.68,true,Rupiah
CR61 6247 6465 1660 4068 9,891.72,true,Peso
AD48 4062 5092 MAEF DPMS AY4Y,997.02,true,Hryvnia
MU62 KEBA 6498 5654 0312 3857 141F QK,507.64,true,Sol
GR13 9712 690N FAUF LENP 5LU9 KST,290.29,true,Euro
DK35 0202 0021 5150 66,763.24,false,Franc
LB97 7622 YJPP ZL8S JX05 BFIO 0PFZ,644.95,true,Yuan Renminbi
DK19 6357 2191 7688 88,869.71,true,Dollar
PS45 YKEF SGEM KCI0 RCQQ XOSC HR9Y Z,805.09,true,Euro
SI03 1232 6150 4033 433,295.34,true,Baht
BH83 QWRH LRRX N11G UXDX UG,510.98,false,Shilling
IS79 8505 1672 3603 1324 5859 91,684.55,true,Ruble
BH19 DEER H31S 8W0D XJHL ZR,366.9,true,Dollar
IL71 5711 8792 1671 2387 402,200.74,true,Kwanza
BA29 4787 2056 7957 1862,428.96,true,Euro
VG26 TCOS 6119 6363 6294 0458,672.45,true,Dirham
FR23 9092 8875 01HG DPBP CDKW J23,897.55,true,Shekel
DE71 3128 7757 1202 9001 92,716.56,false,Dollar
MC71 4491 8006 15FG IGXG 7AWB H38,656.27,false,Rupiah
LU97 381K NMKF SVNZ BZXU,113.12,false,Ruble
GT27 ECVM EBTM QEMW SYBI XGTO 8DOG,730.92,true,Yuan Renminbi
AE38 2165 2095 1938 0497 497,640.16,false,Real
GL29 2315 5252 9214 09,259.83,false,Yuan Renminbi
TN59 3587 6988 2229 6405 4521,833.92,true,Real
SA12 849A MECW YQSF IXJF GRY4,301.37,false,Rial
FR07 4485 8837 76PI M6BW FHXZ V65,98.01,true,Sol
FR67 8470 1511 86YJ VRDY ROGB I01,753.42,false,Peso
PS83 ULJP 9XB3 2GWG AREC DCUT XRUQ H,615.57,false,Peso
SI72 2773 1972 9344 789,540.79,true,Krona
FR92 3913 1655 282E P6Y2 ATW3 W33,203.73,true,Rupiah
MT12 NHOC 4584 8OQJ 0SX9 3BVL BGQI ASI,881.27,true,Hryvnia
AD59 0926 0255 WN5B LFXN SFNO,798.29,true,Rupiah
PT95 5304 8504 2280 7232 7696 7,578.41,false,Yen
MK29 6312 NBDL OJR5 786,61.97,true,Baht
VG48 LEIA 8428 3888 5191 2725,113.41,true,Euro
LI67 9464 4DHJ PYKM TQC6 M,523.06,true,Rupiah
FR76 5194 3391 05Q1 ZCQC DAF3 J15,528.18,true,Peso
DO58 WS0O 1503 2591 8838 7297 4484,495.23,false,Krona
FR90 2589 1783 01WJ JEV4 MIG6 G09,46.78,false,Yuan Renminbi
IT55 X365 3715 511U Y2QS YYXP UGE,235.43,true,Ruble
MC70 8282 6191 68XG 1ZOA SPHA Q02,800.97,true,Rupiah
GI18 RBFK FNZC WDCI GZMP N2U,434.87,true,Peso
LT02 2783 4606 8548 7828,560.1,false,Litas
LB83 9784 UPRZ P1DR CIGO LDAI WLZS,394.63,false,Dollar
DK74 3640 7922 5450 19,609.95,false,Yuan Renminbi
FR19 4321 9596 31RN UPLL SRYQ V78,745.56,true,Baht
NL28 XLXD 6883 6781 13,472.83,true,Euro
LU05 5582 RNR4 HEE3 OHXO,128.49,false,Ruble
CZ65 6948 6527 2156 3763 8794,894.53,true,Yuan Renminbi
HU72 8706 9642 5836 6126 2583 1206,219.01,false,Euro
KW98 CNBY 0GBG MPTB FG6D B6NQ IVLL J9,849.46,true,Ruble
GL35 2634 0288 6513 10,741.95,false,Rupiah
AD83 7346 7289 STND YVNR BAKG,54.04,true,Euro
LI71 5881 0MAC TKSA 5CU2 P,674.05,false,Peso
FI69 7075 2581 2306 58,92.12,false,Rupiah
LU69 979J NNCR 8VFD 2U9T,977.25,false,Euro
GI06 OIFR WUHK C3CX NBSU LNC,565.55,false,Euro
DO05 0OWC 3175 0831 1262 3252 5049,677.82,false,Rupiah
AZ55 DKGQ FS1E 5WFI IH0A O7HO HZJ3,495.0,false,Euro
KZ51 1144 FNYG 7EAT YYJK,257.79,false,Rupiah
BG11 YHJW 9393 21AN U74D S9,379.62,true,Euro
HR04 7538 1331 2588 5534 6,260.44,true,Som
LB25 3684 OINX HJL7 B9RI PB1X C3DV,968.67,true,Rupiah
VG83 DCKA 7712 8561 5850 9318,152.64,true,Rupiah
PK83 BOVG FDBH MBJH JN6K SHWB,181.62,false,Dollar
FR36 8485 2035 19FS VZJZ W1ZL 204,85.86,true,Euro
FR88 2337 6282 89LQ JESD HYCB 220,188.28,true,Ruble
FR07 2874 2650 477G V3KU DXEW 015,483.73,false,Rupiah
RO79 SDNQ 6X2Q HL7J NHK4 PLTK,162.6,false,Rand
FO74 5872 6464 8262 96,116.63,true,Dollar
FR91 7344 3010 04EZ 8H1H AMVI R17,324.38,true,Euro
SE93 1773 6030 3719 4541 1550,867.12,false,Yuan Renminbi
GT24 UPVP BN2N J94C OHDR 8OXV OX8O,578.64,false,Euro
BA21 1223 5821 5034 4368,481.07,false,Zloty
IL97 2220 1576 3471 0865 604,449.57,true,Euro
LU25 126F LMAE GGRO NGXN,994.78,true,Lev
PT62 7882 0815 8050 1121 9643 8,488.24,false,Yuan Renminbi
MK30 308G DNUV TZQI G04,479.07,false,Yen
LT33 1169 7344 5519 4130,465.62,false,Ruble
SA37 890B FDRK BKZB 81NL VHQG,800.13,false,Yuan Renminbi
HR67 8686 9185 8568 0484 6,941.67,true,Yuan Renminbi
RO81 CWBP OAFO DZQN CC8J QQGV,30.2,false,Rupiah
DE90 2059 7563 8301 4998 30,421.46,true,Rupiah
BG59 LVLK 1940 33FC B5MK 2M,55.71,false,Hryvnia
FR49 9446 8350 913O QQXI N3UA L33,664.75,false,Peso
DK94 3978 4930 9294 66,653.95,true,Peso
AD20 6049 5023 5JTN MABV O3VK,378.79,false,Krona
ES96 4884 6279 7385 6148 7739,599.04,true,Euro
AZ90 NBMQ B9BP LGCT JKN1 FLNC XMFO,764.17,true,Yuan Renminbi
MK26 144B 64FD PBBV X43,674.45,false,Dollar
KW98 NSXH T4FB 49R5 KOXG RFF2 JHPK CI,157.31,false,Euro
SK25 1904 0063 3049 9872 5738,316.68,true,Yuan Renminbi
DK28 5592 9462 1642 76,832.59,true,Yuan Renminbi
PS66 IGQY SSFT MW8V WC6Q 7JNX EJZW U,899.52,true,Rupiah
FR64 4697 8670 96MZ B2AN LVR7 J26,908.45,true,Zloty
DE84 5428 1914 8870 2645 62,223.45,true,Rial
NO79 8240 0781 594,18.18,false,Yuan Renminbi
FR68 2448 3750 65F3 BOGY X6VE W21,71.26,false,Euro
LB90 6715 N3KF L1YI BN30 KST1 RD1E,933.81,false,Rand
FR87 5484 5899 89MJ AVQB JOGT L06,231.4,true,Rupiah
NL96 KKFG 4935 5817 17,868.59,true,Ruble
GR75 2761 0559 4VNN MDF3 FXN9 YSG,571.08,true,Franc
RO19 IKXV DASN Z7CR ZTLR 7GHQ,159.58,true,Rupiah
SK25 0831 2797 6074 3056 3598,729.07,true,Rupiah
CH49 8429 5ES6 QD1T Y9RC D,716.56,false,Quetzal
BA32 8312 0398 1961 5381,555.84,true,Taka
FR18 3583 4825 66QQ KLH6 HLNF Z93,690.53,false,Zloty
AD68 3218 8618 YTSF WMER Q8TG,693.62,true,Euro
GI06 AENI RRPD F9PV CZO8 M9K,960.4,true,Euro
DO62 20GQ 2901 2627 2059 1333 9606,527.22,true,Yuan Renminbi
MD36 AZPO DYOZ IUHM HUWC GN4H,583.12,false,Euro
LI54 1104 8NT3 RKVD UEBW M,621.25,false,Naira
MU24 ODLI 6431 3353 6947 3602 967H FL,302.18,false,Yuan Renminbi
IT93 A380 7598 940R 9ZVN ZRT4 9LE,448.06,true,Krona
ES64 2770 9228 3775 5021 3874,8.71,true,Yuan Renminbi
LB81 4673 NKON INDM J9WL ILOU SBAB,305.69,true,Peso
KW19 NEHQ RSAI IOTN VJAG FMV3 22RA CI,296.62,true,Rupiah
MU98 FMNW 9675 7263 9007 6492 716C XS,820.12,true,Rand
MK98 395V F9PZ KKYC U36,669.1,false,Yuan Renminbi
FR41 3893 9934 14T2 J5WS AYQI X38,22.56,true,Dollar
IL08 1366 9002 8823 6606 219,816.36,false,Yen
AE29 9903 3892 7621 9575 590,155.02,true,Shilling
VG59 GAHG 3027 4728 3736 1747,513.12,true,Balboa
NO54 9161 5314 310,665.6,false,Peso
AZ87 ASJR J3BF XVIH Y6MH OGNK CSOX,876.9,false,Euro
BR44 3445 1047 7232 4510 3849 952H G,521.34,true,Shekel
DO82 4HFK 9496 4975 7830 7274 9715,402.46,true,Shilling
BR03 2654 1249 4252 6819 3126 881S K,311.02,false,Koruna
ES56 9882 4705 1161 2130 4667,105.9,false,Real
TR33 0868 7NKW 4LYU J6HU 4ZF1 SV,50.8,false,Rupiah
RO03 HOQW 1D4V W2PL 9KP3 39WC,178.79,true,Yuan Renminbi
GE78 XZ76 6756 6448 3989 02,929.37,true,Dollar
AD62 6507 5213 S8AX T0WA PDHN,385.72,true,Krona
GB69 WHOQ 1032 1134 0132 25,442.18,true,Yuan Renminbi
FR18 7837 5620 621K VN05 HHZH D95,103.08,false,Ruble
IL68 0646 9882 5280 2003 422,300.45,false,Peso
RS08 8051 7365 4027 8324 19,319.32,false,Naira
LB11 9805 57GO NQRV MPWN S783 MRJR,891.15,false,Dollar
LV43 PLDF A55Y PUH6 FEZI U,113.45,true,Sol
AZ59 SVUL BNWS 8SBL SGPD NTWQ I6DZ,273.13,false,Krona
BE92 9795 7701 4471,515.68,false,Rupiah
FI24 3555 2618 5033 44,598.26,false,Real
MR50 0710 4943 8607 2277 9624 326,589.92,false,Baht
FR93 5029 5692 24WM SIOX QG89 D14,986.73,true,Balboa
LV36 INFC PTLJ E7RN TGRX Y,810.74,true,Euro
SI65 6394 0822 4148 662,462.77,true,Euro
EE33 3774 7749 4008 9587,542.47,true,Dinar
MR18 8318 1176 1622 7240 2754 948,163.08,false,Yuan Renminbi
TN84 2249 8451 4444 2389 1265,608.32,false,Peso
MU92 KECS 4847 8625 9947 0374 305X FX,473.81,true,Euro
CY31 6687 3260 FSND Q9CY HRPI GZZH,625.9,false,Pound
MC03 1738 8120 58SH 1UVN DLTX M40,484.34,false,Euro
BH05 VTLW N4WU IVN8 0QGP 5D,593.07,false,Euro
VG86 YTGO 8331 7018 2481 8441,757.35,false,Yuan Renminbi
CY73 0044 8173 HMZS GN6V ANLJ BJMY,30.11,true,Euro
ME87 8395 5546 1758 9298 05,46.9,true,Won
BH82 IKUR STRF ZIPC GY1I MR,903.78,false,Yuan Renminbi
FR89 8609 2558 17PS HCMA IDNZ W41,312.74,false,Yuan Renminbi
IS72 0219 5730 7446 1681 2359 16,717.0,true,Sol
GL80 7140 3119 7578 56,972.3,true,Hryvnia
FR57 6442 8358 36KB 5IXI QGYA Y72,538.27,false,Euro
BH23 XMSA 8CZ8 VJD2 DVQ9 ZA,995.82,false,Yuan Renminbi
LI28 2312 4AG7 KZGT 4BGR 8,832.64,false,Rupiah
LI30 4785 3ZC7 OIAN 86OA Q,768.67,true,Yuan Renminbi
GL82 5967 5132 4213 49,406.92,true,Euro
FI31 9608 9404 9237 53,25.43,false,Rupiah
GE11 EO05 8111 3976 2828 21,884.3,true,Rupiah
MR02 7697 3435 9858 4878 3782 461,424.01,true,Ruble
FO97 7815 5946 1385 08,448.59,true,Ruble
FR05 7381 3927 00Y7 KCW6 AT3M L00,983.49,false,Yuan Renminbi
CZ29 3248 2302 0585 7275 7579,329.23,false,Baht
FR02 9255 1171 64MU TGSB WPHY T08,903.9,false,Dollar
SM28 Q189 6933 253V ZMAI YXID V6Z,327.51,false,Krona
IE77 JMQA 0634 6173 6812 26,215.44,true,Peso
IT19 N686 6757 961G BZ1P KXJ3 PHY,186.39,false,Euro
MK56 857A MIDI HIMO J86,22.98,false,Yuan Renminbi
FI44 3232 7062 4046 43,789.07,false,Shilling
RO22 TEHR CMXJ 7R68 OFXK VAOE,536.02,false,Euro
FR09 4715 5477 25VY SMHM QYDL B61,361.41,true,Baht
FR17 6215 9102 813I AOHK BC26 026,720.45,false,Peso
EE49 5759 5943 1073 8060,10.26,false,Ruble
CH16 9200 0ABG IZVR KYOC E,499.79,true,Euro
FR32 9475 2903 903X VT6H QVVJ H16,430.97,false,Yuan Renminbi
AZ96 EMOM NWBP NTWI GYOK SXYR GZYB,676.93,false,Euro
GR73 0467 383F TLPH VNRC G2YL VGF,522.25,true,Dong
MU45 AAHU 1135 5780 5541 8643 463Z PP,126.95,true,Yuan Renminbi
ES45 4266 8299 3858 5138 1063,876.54,true,Yuan Renminbi
FR16 2482 2250 60W3 Y3R9 PSIF I18,796.51,false,Euro
MT62 DIVE 9455 7HD7 M798 J9OQ JKHI 05W,155.08,false,Euro
MC05 8786 3437 73VQ Q1JL RN1M U81,773.92,true,Euro
SI20 8038 4951 2544 526,449.79,true,Ruble
PT44 1386 4580 3543 9628 6565 3,720.55,true,Euro
SK08 6730 1004 8819 1483 2979,649.43,true,Litas
FO03 9413 6998 0749 13,429.85,true,Afghani
MK94 6178 0FBL BMO6 H20,825.7,true,Rupiah
DK61 1570 2026 2744 12,439.86,true,Yuan Renminbi
CY27 4994 3257 QG5J 0DXC GJR4 GMFH,842.57,true,Peso
EE78 2038 1537 2033 3193,749.17,true,Peso
AZ73 NLRT URKY 5KEN AMDW DCBY PRB8,302.35,true,Rupiah
IE37 RNXW 8730 5771 2846 08,296.15,true,Franc
BA28 0777 3914 0842 8732,950.54,false,Yen
RS80 7650 9701 4022 5035 01,771.91,true,Yuan Renminbi
LU84 904F 5EQJ BD8N 85WA,334.63,false,Rial
SI45 7766 3421 0759 255,15.52,true,Rupiah
HU80 5182 9808 8037 8370 1306 9217,570.1,true,Franc
FR07 0678 3498 12NH XC7P MWU0 589,591.95,false,Real
PK84 UGUE LUH3 SZGP TNXJ DGU5,327.59,true,Hryvnia
BE36 8844 2980 4525,234.45,false,Rupiah
VG12 DAVK 5410 1940 8738 3761,726.22,false,Kuna
MK74 703T WDZV KBAT P25,620.67,true,Pound
ES15 6408 0496 9243 1089 4220,116.25,false,Baht
BH37 XHSJ 2GEW WUIY Z9RB NM,46.69,true,Euro
BH44 PBTY 5XVJ S0JS WLVM IA,760.89,true,Dong
MT35 QYGN 3858 8VDK YSTE RQSH GS1V 6S0,811.46,true,Yuan Renminbi
LU76 756L ISE9 QY8W LVII,458.2,true,Krona
RS77 8825 6819 2550 7697 79,630.51,false,Peso
PK21 EOHP 0MDW OANW MIG3 JS7S,756.15,false,Dollar
BR94 2053 0621 1590 4040 8472 547H P,226.64,true,Yen
GT85 OVIR YRVR QAVV OYFC 0BXE 419E,389.21,false,Dollar
AT52 5234 9501 4758 1112,974.46,false,Rupiah
TR02 5277 7KDZ QDNB DGUA PDWE NH,787.61,false,Afghani
LV08 DQMF LC15 XEQZ 7JTL T,783.11,true,Won
LV38 EKKE EH1G TPUY HSZW 9,678.96,false,Yuan Renminbi
BH74 OBXY PBXV CHKN AUYD VI,852.92,false,Zloty
BA15 2800 3815 5683 0015,832.09,true,Kuna
MU37 ZYIL 1483 1230 0114 5807 627Y PJ,178.74,true,Dollar
AE14 1724 1974 6738 9775 785,893.96,true,Dollar
SE29 7281 6054 4102 5936 2973,963.76,false,Ruble
CR56 2279 3162 3151 8413 4,815.7,true,Rupiah
NL34 NMKB 4646 5015 84,450.56,true,Yuan Renminbi
FR68 3298 7258 54NA FEJ2 YZVC 706,149.75,true,Yen
LB81 8715 EIML 99XI FCG5 BOS7 DFBC,702.13,true,Yen
SE67 4242 5906 9938 0659 6169,494.65,true,Won
IE66 JSDP 0594 0595 1879 32,394.23,true,Peso
GI83 SDZU 0S6R J7MS BIXI 70E,96.55,true,Yuan Renminbi
KZ19 121Y T1OZ JBKO IXJW,288.16,false,Yuan Renminbi
FR59 3375 5790 93Z3 WKCT OOVJ I73,715.78,false,Hryvnia
FR60 6551 6641 43J6 2XAA XDGW R54,371.43,true,Litas
MR15 9212 2519 7390 1111 7076 164,929.95,true,Zloty
ES20 1316 9050 0608 1835 4407,116.64,false,Rupiah
FR71 9600 6144 51JM ZXTL WTUD O55,387.65,true,Peso
MD10 BWAD S2MX BCIE JDMX MDKU,619.47,false,Yuan Renminbi
AT57 8231 6606 5029 9314,654.1,false,Peso
SA74 04FO OIQI FI52 YAYO YFDZ,484.24,true,Krona
AD81 0452 3338 UAGG BWUS KDOK,115.37,false,Krona
HR06 3190 8367 3415 3288 6,813.89,false,Yuan Renminbi
GB13 EPVE 5336 2391 8533 04,566.92,true,Peso
LI32 2990 5UPY OYFT COMO K,827.01,true,Rupiah
ES42 8732 9260 5905 9964 1113,847.26,true,Euro
FR07 1156 6477 85AW Z2XN XGLM B52,639.76,true,Ruble
CR35 6209 5247 6619 5208 6,268.24,true,Rupiah
HR51 5564 4356 8190 4676 1,563.8,false,Sol
PS95 ZYEZ 8CIQ 6QMT 7NHM Q8HX GOBV D,823.53,false,Yuan Renminbi
LT72 6434 6421 8931 7333,283.25,false,Franc
FR98 3984 6156 10XD RMSD GHUP 309,249.51,true,Peso
FI77 1036 4786 7234 55,167.36,true,Ruble
GE46 BC54 8117 2594 7779 87,563.16,true,Yuan Renminbi
FR20 9896 9190 85PB 8CJE 2KQZ 019,520.55,true,Real
BE30 2893 2353 6143,275.97,false,Dirham
BE04 6682 4839 6837,783.96,false,Dirham
NL47 TPNU 5758 6966 94,266.18,false,Real
NL19 CRTF 9972 0758 44,673.97,true,Yuan Renminbi
ES51 2973 8632 2471 9326 7788,821.79,false,Baht
DE10 1059 7323 8696 3682 52,58.49,true,Hryvnia
AL24 3346 5922 PLDI EPSF OYAK GKPN,264.95,false,Yuan Renminbi
LU40 584V CZEM 71YO IYXX,224.38,false,Yuan Renminbi
AZ90 QNEL ELHQ FNJO PXGC CK7A Z4OZ,313.83,true,Ruble
MC61 8930 2715 53WS 0713 9U9A R07,26.48,false,Peso
CR95 2750 5522 8098 3182 3,567.65,true,Dollar
LI03 3426 1BHW WPIN TPBH Y,68.77,true,Euro
TN06 0777 0794 7073 1256 0297,148.44,false,Yuan Renminbi
FI88 7658 5983 2721 76,671.17,true,Euro
GB07 MKBQ 5010 3684 1935 76,212.1,false,Shilling
MT71 JRKD 4770 55SI DC3F EALM JVGB E0R,368.83,false,Yuan Renminbi
MK46 1282 ADTF TTAT L89,32.06,true,Zloty
TR39 7008 8IPO XI0W LPJX VAI4 QU,644.88,false,Rupee
PL35 3019 0210 3576 2113 1214 1609,11.29,false,Peso
KZ70 910D YFKW JUQL 3VFU,54.69,true,Ruble
LU98 084H RXJX IWJD 0JVJ,611.7,true,Dinar
CZ87 9797 0415 6564 0796 0045,936.23,true,Franc
MC55 0188 9670 92PH 1IKC FLDT X80,983.14,true,Yuan Renminbi
GE69 BY93 7002 5845 8412 98,243.96,false,Yuan Renminbi
CH77 5478 8RDC YKDE RIXF Q,767.17,false,Krone
RS92 0020 1041 6047 5503 25,990.36,false,Dollar
FR13 5975 8012 76GC GMHB ASTP V90,781.35,false,Naira
MK11 676F 1PSW PDLH C24,593.67,false,Real
FR03 5771 9797 69CK U5OZ QFNY H82,535.92,false,Yuan Renminbi
DO61 S6OB 5443 4615 7450 0553 4836,356.58,true,Krona
RS67 8416 5720 4978 8714 99,125.91,false,Hryvnia
ME56 9907 9389 3237 2206 98,511.73,false,Peso
PS45 INUY ZXVH 1GGT TFWP TUI5 RDJK F,335.64,true,Koruna
KW29 BZHS QOB9 UI39 WUR4 GCKQ KX8R 8D,242.99,false,Euro
BE93 5451 2673 2608,69.54,false,Real
GB59 FKKC 0476 9269 5733 60,368.63,true,Yuan Renminbi
NO46 8576 8004 395,994.17,true,Taka
IT47 Z521 0459 937M 5FC3 28S9 9RQ,45.78,false,Euro
MD77 3NSI EO8H GPPS Z6S5 6AWG,639.51,false,Yuan Renminbi
AE28 4684 1641 7273 0588 255,764.18,false,Koruna
CR85 2138 6537 1102 2337 0,294.38,true,Peso
RO30 PWWH L1MT 6VAK 1ZKE YD3Q,124.86,false,Yuan Renminbi
CZ17 0644 2854 9824 9896 0195,504.07,true,Euro
IT83 F383 5671 505B 5M5T 7K1V HOS,781.88,false,Real
TR11 1300 5RFK E1CY DCH0 WUZL PK,812.84,true,Hryvnia
BR66 5731 7730 8086 8457 5438 111Q K,707.5,false,Manat
FR43 1064 9529 89QF YEOW 2GEO K08,99.56,true,Rupiah
FR12 8634 6941 57KU J3QD LFB0 B98,171.19,false,Yen
GR85 5997 140D FCW1 79G3 AQS0 WOE,772.11,true,Cordoba
MK57 524A 7N6K EIGX 186,916.66,false,Euro
FR35 2763 7445 13DH JSND HNDT Y14,826.78,false,Ruble
BE89 8383 9797 1190,607.54,false,Real
KZ17 846C M9JF ZDWP RG6V,599.11,true,Koruna
HR05 2146 3344 1331 4655 1,566.6,true,Yuan Renminbi
DE28 7681 4386 8571 9964 13,542.99,false,Krona
FR95 1464 6721 50MC 2PEU HLAE V06,692.64,false,Dollar
MC03 7530 7497 03HD YRZ8 Q1I8 U76,877.48,false,Zloty
GB67 BIUN 2698 5701 9066 19,507.11,false,Yuan Renminbi
ES14 6786 8652 7066 7119 4305,164.89,true,Yuan Renminbi
CZ05 0972 6301 4288 1425 2386,184.75,false,Rupiah
GB20 PZCO 2056 1786 9897 09,232.05,false,Peso
AT20 0332 9637 1256 7621,400.31,true,Yuan Renminbi
DE46 1312 4366 7080 8174 24,921.53,false,Peso
FR34 2069 1227 75VF Y5XE YJB2 W89,203.39,true,Ruble
ES90 2257 5645 4341 4101 9471,93.05,false,Zloty
FR71 4939 7993 44W3 824O ITF2 249,523.46,true,Ruble
BE70 0992 1974 5384,350.06,false,Ariary
FR98 6074 2652 096Y QQ23 EHZO 941,512.12,false,Dollar
IT15 H746 3645 059R OOWN A1ZP WZF,21.82,true,Krona
GE26 VW05 2998 1548 7333 08,655.22,true,Rupiah
IL22 0036 9351 0501 9493 206,268.46,false,Yuan Renminbi
NL28 BFFC 4753 4662 66,899.34,true,Rupiah
FR80 1737 0627 45OX YRGI AUPX Z26,280.76,true,Euro
IS84 5071 8396 3871 5919 6248 41,663.78,true,Rupiah
DE35 7825 2429 5938 7721 98,51.46,false,Real
GB79 DVXO 6514 1290 6521 89,110.34,false,Yuan Renminbi
MD07 PLKH G5DX HB4J QI7J EC7A,501.78,false,Litas
AE73 4578 1495 5274 8137 821,355.61,false,Ruble
PT14 5375 0739 5776 8488 9832 9,641.41,true,Euro
FR62 5485 6474 771N WQU6 ZDJQ C75,663.87,true,Ruble
FR53 4561 3607 95XN MGB6 MRPQ 788,197.04,true,Yuan Renminbi
MT63 KWMK 6899 2MWI 4TVZ KJGK UCZV X71,389.14,false,Quetzal
FR89 3923 5722 89MA J0N8 DGSX Z75,24.89,false,Yuan Renminbi
ME73 4851 8874 1204 9547 40,958.48,false,Rupiah
MC74 4528 5398 663H YL7C 5MNU G67,864.35,false,Rupiah
IT94 E562 5299 295Y A9HV TT2I UIF,81.22,false,Euro
FR38 6674 4100 265P XH2I 86RF F91,242.26,true,Hryvnia
LU17 242I 2VUQ X8IM V2NC,230.29,false,Yuan Renminbi
DO46 E4JB 7838 8177 7835 5842 1900,942.19,true,Hryvnia
TN42 2790 4938 0463 2435 5135,428.13,false,Yuan Renminbi
RS31 0152 9756 8982 2284 61,464.39,true,Peso
MC44 7069 0802 2714 OCNW BOWR L09,735.57,false,Zloty
FO83 7747 4157 6660 83,351.02,false,Dram
MD62 EYPP 5Y8G QMPP GHG6 XFEY,538.1,false,Yuan Renminbi
FR06 0239 1180 64ME O3GC QTQC 105,430.46,true,Euro
EE85 0588 1782 9621 9449,91.19,true,Yuan Renminbi
DE26 2392 9373 4437 2114 63,760.3,true,Peso
FR71 5898 7758 46JN NLQK SBBA T18,522.04,true,Won
IT07 R773 9426 314F YDSD RNTH YJU,158.49,false,Baht
IT07 Q923 2090 164K PN3J YEIU NZX,383.28,false,Real
MK68 413Y A2HN VB9M C14,611.9,false,Pound
IS98 7620 0009 8365 7855 1185 17,278.58,true,Dinar
SK35 4716 7690 0288 4497 6381,558.46,true,Lek
IE12 LYST 0994 1924 0348 90,578.29,true,Yuan Renminbi
FR38 7162 5985 29EH 8HD5 I9MX U26,342.57,false,Ruble
CY98 2055 6131 AYWG 9GPY UIWE 56PJ,331.62,false,Rupiah
MR45 3598 6560 4917 6135 7738 071,382.53,true,Peso
PS43 OTAB OCBO IWRF AIIM DVGC TO7C D,177.18,true,Dirham
DE33 0628 4029 7812 7923 62,411.43,false,Shekel
GE43 EO94 1378 4962 6661 83,488.7,true,Euro
FI66 5182 7169 2166 65,269.82,false,Real
BA21 1928 0443 3957 7902,17.92,true,Zloty
FR30 9567 6276 13EB KW1W VKEP Y75,611.42,true,Rupiah
GR69 7067 438A QVOV WPJK OZJJ H8O,181.74,true,Rupiah
GI62 VZKU QCAL OFI7 UHTG CI2,464.29,true,Peso
TN73 2347 0438 8496 2251 1555,336.57,true,Dollar
LU78 526K FGTA 6GVV EVLJ,693.01,true,Peso
ME17 2021 8843 0027 0920 18,79.36,false,Rupiah
MU77 POZM 5259 7218 8906 6891 382L ER,610.17,true,Yuan Renminbi
PT32 6138 3783 6576 7637 9543 9,179.57,false,Euro
KZ52 159R WTDJ GNN3 EYBO,856.21,true,Krona
PT77 3212 7989 5324 0072 7714 7,231.56,false,Zloty
SE83 5972 4066 1231 5386 3154,225.46,true,Ruble
GB39 PXSS 0357 1382 0210 29,27.45,false,Real
GR15 8041 774H HCEE YOBF UOMN WNM,998.02,true,Yuan Renminbi
FR21 4520 5715 44IK TSDF LIGB Q94,399.33,false,Dinar
RO74 WPFD SAE1 P1NU FWXQ IFKI,69.65,true,Peso
FR48 5135 6347 37BS QOD5 IEH8 X45,996.5,true,Rial
KZ35 809H 7X8M BBFK OXV6,914.53,true,Peso
PT98 7348 8374 3156 3087 9497 3,542.05,true,Yuan Renminbi
PT90 3402 6513 5511 3101 1132 7,467.21,false,Euro
IS83 0234 3225 5247 4803 0554 70,422.15,false,Yuan Renminbi
GE20 EQ33 3021 3315 2928 10,830.5,false,Zloty
TN59 2952 4801 0576 2310 4568,331.81,false,Rupiah
NL65 LCQK 4359 4371 02,760.78,true,Yuan Renminbi
DE87 0568 8147 7063 7408 57,296.7,true,Litas
MR68 3707 7427 4928 6474 2964 239,247.94,false,Rupiah
CZ09 7209 8956 1315 4885 8278,528.4,false,Real
TR50 5093 14AO 48MW LXAT ZNO2 RQ,415.3,true,Rupee
BH49 XFLH 231E VLS0 GVJ1 U1,285.22,false,Real
PK60 EVGY YXB8 XTZM TUUC 3U2M,715.9,true,Yuan Renminbi
HU98 0989 1417 3285 5821 9113 8752,309.38,false,Yuan Renminbi
PK88 JNPU 86XU ZU5E WPFV IBEZ,78.16,false,Euro
FR79 3295 5644 64MB WSED GC5V R11,76.6,true,Euro
AT91 9254 5360 6183 1047,818.16,false,Rupee
FR37 2252 6011 39KS VMQQ VE6C N11,167.83,true,Dollar
FR47 5740 8583 59SR XFJC IOIT 703,217.56,true,Euro
ES63 3878 5815 4463 0134 3891,594.08,false,Euro
AT85 7963 9808 4923 0094,486.41,false,Rupiah
FR59 2921 6769 45S0 UQPT BTP8 N75,131.76,false,Rupiah
PL47 9199 9069 3173 7064 5922 7037,397.86,true,Rial
GT39 VF2D QS21 GJ5K CZBY 7AB1 ENBH,579.74,true,Rupiah
FR22 4629 2898 32PO NZ1U KKQY R54,352.27,false,Naira
MK86 2922 WLFI HNTJ F94,732.73,false,Krona
PT36 7298 4238 2220 1946 9899 1,537.13,false,Yuan Renminbi
CH21 4785 90L3 VSKU QGWJ P,349.4,true,Yuan Renminbi
RO63 ORAH AKHF DKHU HNII ZEGL,315.32,false,Yuan Renminbi
GB66 UUKY 2706 3007 5170 76,742.22,false,Yuan Renminbi
RO42 KRJQ DIHU HICD FRFC 6KFG,792.43,false,Euro
LU70 010E ZCSG 4DUK Z2KX,560.71,true,Euro
HU56 0485 1144 4051 5019 3869 2448,414.26,true,Yuan Renminbi
CZ09 4668 1599 0883 9042 9680,830.31,false,Rand
HR14 6710 9720 4002 6482 8,496.5,true,Ruble
EE15 6838 0762 2699 0849,877.14,false,Yuan Renminbi
FR45 3859 3639 44UV XCA5 FLFS 826,50.28,true,Yuan Renminbi
FR44 5020 1533 15NQ PAZA THOL N15,591.8,true,Yuan Renminbi
SE83 2642 8733 8851 6114 5496,723.07,false,Peso
MU86 LNBV 7830 6739 1782 6542 931L IS,320.73,true,Peso
LU97 838A EPSX 036V KTCV,744.91,true,Yuan Renminbi
FR79 7296 8816 78K7 0UO5 KKIE Y36,65.76,true,Euro
GR49 2349 975R 4JNP FWI7 WSCI GZV,190.43,false,Peso
FO19 0764 3134 8184 82,432.52,false,Peso
SE57 3825 6630 5545 1142 6146,575.53,true,Ruble
SI37 6978 4832 2991 184,372.74,true,Peso
LB51 4225 9N8P FWD3 S25Z XTTY LLBY,607.2,false,Dollar
FR68 5885 6336 477R LH1W ZOK3 854,573.28,false,Yuan Renminbi
AE04 2382 4150 8581 3091 557,449.63,true,Rial
DE92 6458 9715 0165 6378 24,924.41,true,Peso
DK17 0859 7243 9031 83,540.77,true,Dong
FR32 6860 7986 575V 43AI JEBB X18,702.79,true,Dollar
RS10 3629 2048 7277 6336 70,456.07,false,Rupiah
FR08 0816 4708 80PS QKFO 04VF K54,645.98,true,Peso
BG31 BJIG 7868 13GE 4DSO 70,6.85,true,Shilling
SE91 2709 3115 3742 1910 4032,730.56,false,Cordoba
AT66 6013 1102 1167 0495,839.76,true,Yuan Renminbi
LV31 VDCS NR5U IGKT EFLU P,290.14,true,Pound
LB16 3344 DJTB 6XJZ FJV4 Z4FX XHAA,375.76,true,Yuan Renminbi
FI12 7791 4311 2120 67,900.27,false,Naira
IL22 1320 6196 7787 5206 324,799.77,true,Yuan Renminbi
FR52 8866 6972 09OD XTHS QN5P 553,852.88,true,Ruble
FR21 9644 0377 10OM SCQV SMXJ Y25,798.92,false,Ruble
KW88 IFAB 10KJ 23SB S20L QBQX FA5P HC,52.92,true,Quetzal
CY19 4680 3213 YDOY FMAR V3EE 2Z25,814.46,true,Tenge
RO45 IGUJ ROLJ NH34 RNRW NLYA,383.22,true,Sol
FI09 3693 3496 1194 84,275.06,true,Dong
BG22 VSUF 3103 56WW IMBM W1,218.82,false,Zloty
VG87 SFIL 2134 8124 2713 7589,155.05,false,Peso
TR97 9214 8CZR ZPW4 GGLR PLZC 2J,631.04,false,Peso
KW30 UXBR DOPH GLKB DE6L 6Z32 R5U2 QE,944.85,false,Won
PK64 JHKL HOS1 H5OY UYUV TNOR,623.44,true,Yuan Renminbi
ME63 7617 7517 0156 1438 92,696.7,true,Ruble
IE61 FPOY 8469 7319 6996 09,95.84,false,Ruble
VG05 LMNN 9673 3480 7759 6386,650.34,false,Ruble
FR50 2644 2100 03NM WYBZ DLDU W33,322.06,false,Ruble
FR74 9749 4416 74RL HZZX 4MMB F62,498.31,true,Litas
FR25 8299 8813 96O5 CABZ ALMA 827,451.73,true,Zloty
BR36 7425 1460 2060 8267 3857 299V E,348.31,false,Real
FR48 8103 6347 45AN UXE5 QFJ2 T37,715.44,false,Manat
PL18 6067 7645 2743 2041 7747 3877,385.99,false,Rupiah
AD78 1109 1764 OYW1 SRFL HSJF,976.51,true,Rial
BH43 KSOW Y3WX GFKK TLLI XY,991.96,false,Peso
LU06 649V OJRX AHIZ CJ6H,510.44,true,Yuan Renminbi
SM35 D622 6732 891C XV3C NOD0 3RG,976.97,true,Litas
GB76 DMAJ 2649 3094 0285 30,425.02,true,Yuan Renminbi
HU40 8306 2831 3867 5988 5740 5732,956.11,false,Sol
DE05 1950 7618 4350 4723 12,250.44,true,Real
LU47 1210 TSNT XA6J UXCL,818.28,true,Rupiah
MU55 BAIL 8115 2488 0275 3936 304N UK,764.18,true,Ruble
LV62 PZOB QMQL VMDK 3CSJ A,720.1,false,Rand
DK41 3715 7328 5828 08,830.56,false,Rupiah
SA21 94AI XYG9 SYUR T0MV SDMZ,971.91,false,Peso
GR06 0195 733X IHW7 G3U9 VQJD F4N,926.57,false,Koruna
LB13 8376 29K4 O8L7 2GZB UITR NXEV,98.67,false,Rupiah
FR57 2458 5408 120U KW87 R5JZ 526,321.49,true,Yuan Renminbi
BR31 7573 9264 1393 0471 3965 652E Z,835.76,true,Real
IE25 UASD 4232 4233 2006 80,285.2,false,Euro
AZ37 LUHC EW86 QAEL UGP9 YLEM VWHV,663.66,true,Yuan Renminbi
HR39 0250 4641 0281 8588 4,37.5,false,Peso
KW22 KBZC 5TOS O9K9 XMR2 EOZO V9FZ MC,223.22,false,Peso
DE54 9097 3485 0570 4925 67,207.27,true,Yuan Renminbi
ES23 4151 8862 9613 9724 9517,986.54,false,Peso
NL27 IYCG 4544 8166 33,506.77,true,Quetzal
IL47 0231 5365 1078 4555 836,497.9,true,Birr
FR74 1951 8387 40HL PKMP A55T J82,881.31,true,Peso
SA98 00QI QYHU LFAP VXT3 2DVV,418.32,true,Peso
HU12 6589 3799 3292 8552 8262 4274,412.17,true,Yuan Renminbi
AD63 7658 6324 IUGQ KTQ1 4A3D,453.24,true,Yen
AE27 0767 2859 4039 9264 267,538.42,false,Peso
SM52 N188 9293 124J EAVC QQY1 HTI,68.71,false,Yuan Renminbi
FR06 0986 0200 964O 4IJW SYT7 Y31,481.69,false,Euro
LU70 222J USEL YEKI 8PZW,308.53,false,Peso
CY09 3976 3401 85CP TYRU TN5F EFHK,32.5,false,Dollar
SA05 50QJ W8UJ TPEB M7DA 4J0C,768.3,false,Tugrik
CR88 7103 3241 5275 1377 7,178.62,true,Rupiah
FI21 5549 3516 8943 82,710.21,false,Peso
MD79 QDHS COZ0 XJQ3 UJEE 10BV,424.36,false,Hryvnia
GE38 DU07 2154 1463 9440 39,910.08,false,Quetzal
AL58 2950 6918 H1Y6 B0DM HINF SMBK,280.89,false,Rupiah
GB20 LSAW 0667 0394 3481 96,596.69,true,Pound
VG75 KTOA 9379 2639 7345 6059,344.74,true,Peso
FO15 0671 6296 8546 22,478.5,true,Yuan Renminbi
GB89 ZPPO 7644 7944 0274 35,101.93,true,Dollar
BG30 OOCE 0380 25CH TJBP PE,866.68,true,Rupiah
IL91 8101 8233 7148 9786 473,662.18,true,Euro
FR54 8724 8958 63KF HB2B MP8Q R94,246.79,true,Euro
AD71 4715 7383 6XGG QREW OIDK,157.37,true,Real
BA60 7893 7834 8817 0940,88.29,false,Yuan Renminbi
FR04 7151 9953 285Z WX7B YJHJ I21,134.29,true,Zloty
LT06 5828 7103 6250 1500,91.94,false,Ruble
AL37 4723 6795 ZDIF GCZF 4A6J UAJD,825.73,false,Euro
IL59 7156 2591 1578 7283 319,881.16,true,Ariary
TN42 3771 5928 5345 9968 1837,482.55,true,Rupiah
PS20 WTSL GHOA 7MML CJKU 1I0U PZ6Q 4,24.58,true,Boliviano
MR11 7399 4374 0573 8106 3658 533,490.22,true,Dollar
HR71 1396 3597 2947 1606 1,934.54,false,Yen
KW29 ZQZE 2PQZ F3KX QYDV LHYS JYUF O0,800.7,false,Ruble
GE17 CY17 4457 9503 6990 64,31.19,false,Yuan Renminbi
SI11 5593 0349 4971 310,939.99,true,Litas
IL29 7835 9846 1271 3900 069,78.36,false,Yen
ES42 7446 4684 4195 5768 2762,747.36,false,Yuan Renminbi
FR78 5196 1471 76G4 RYLJ XDMJ 347,104.57,true,Yuan Renminbi
BA85 8906 6349 5011 4469,409.46,false,Quetzal
PT29 1495 4848 6235 7082 4783 6,182.95,false,Kyat
FR46 8568 8082 20ZC FGQJ NGMY Z75,537.6,true,Pound
LB57 3597 7LS9 PRA3 QW5N UXLH OG4C,890.38,false,Yuan Renminbi
BA76 5971 9068 7830 4420,273.63,false,Euro
GL91 6510 6216 1550 16,686.73,true,Leu
SE08 7591 0507 1311 9767 1538,195.84,false,Yuan Renminbi
ME49 5830 5709 0297 6382 11,101.02,true,Dollar
FR83 0381 5231 65ES FNUV RLRY V48,668.77,true,Sol
SI59 1350 0483 1458 437,890.87,false,Koruna
SK68 9805 7263 6467 7731 5447,845.27,false,Yuan Renminbi
FR71 0358 6919 21BC IOBZ Q1D2 R68,249.77,true,Zloty
NO66 2122 8602 209,817.37,true,Euro
BE07 7240 2706 0182,945.15,false,Kyat
DE69 4611 7973 5893 1542 83,507.35,false,Peso
PS36 MPAW Z7KV MUGL LINS LS7D 1E26 Y,242.52,true,Dollar
FR35 9155 7179 59YP N0WO ZZUL Z64,461.37,false,Peso
FR78 3200 4207 21RH D0PX A1OU O97,328.29,false,Krone
KZ84 831M 2VYT W0TZ O9EO,602.01,true,Dong
NO76 5222 8977 917,981.38,true,Yuan Renminbi
GL88 2004 5879 4387 01,405.76,true,Yuan Renminbi
AL83 3100 1897 9GWA TUQB 1JH6 61FZ,53.52,true,Krone
SA09 24HS YMNS 3GQA TLH2 QFQL,475.25,false,Real
FR25 2730 4154 26TG 1QA2 DYMU A75,45.48,true,Dollar
MD16 BZZC EVPC GCPO 9GHT AFMT,562.48,true,Ruble
GR49 8017 724V B18T IYEG RYDS EAU,180.89,true,Yuan Renminbi
GI22 EDRD 6FKG GVTR 3BCC TGU,901.18,false,Peso
LU72 921Y OLKK AW73 E2D6,114.73,true,Rupiah
FI93 8595 0049 2711 55,419.31,true,Yuan Renminbi
CY19 8039 8523 SXCZ C1B1 LJ72 SNYM,233.13,true,Yuan Renminbi
MT35 RJHV 4326 3YHD NQWT 7S8U ZIHT AQS,191.51,true,Colon
BH48 HEFQ EVUV WB8Y ATT2 RY,241.21,false,Hryvnia
FR69 2387 0321 69T8 QHBI TRYH O56,981.58,true,Dollar
GB16 XCEQ 6570 3154 0167 41,133.08,false,Yuan Renminbi
HR86 8653 7054 9191 3971 6,698.76,true,Euro
LU35 728Z SAAI 6ODY 3TBU,68.32,false,Ruble
FO90 6936 4230 6634 70,921.05,false,Peso
HR66 5756 9891 0932 1229 2,393.74,false,Ariary
RO17 XRHP 8SQL 4IE3 VLHU I26Z,783.23,false,Franc
GB80 HJFZ 6120 3722 5186 58,332.98,false,Hryvnia
SA15 54D3 IQ6N A6EL TQM5 JXLV,538.61,true,Yuan Renminbi
MR32 7906 2067 2357 6997 0716 664,499.56,true,Yuan Renminbi
GR81 6625 983Y R0HL Q2MD MDZD JBE,251.0,false,Rupiah
TR46 3067 4L6Y IGJW GM5F O6WR C4,349.92,false,Naira
BG78 DJQP 5395 68XB GQQE FX,707.67,false,Naira
FR93 7293 0853 67C6 GDYZ XJTP S97,609.74,true,Euro
BH82 VTQP CI2R EWGS WTQ3 QL,148.42,true,Zloty
